찬송가,새찬송가,찬송가 제목,새찬송가 제목,조표,박자,작곡자,속도
1,1,만복의 근원 하나님,만복의 근원 하나님,4b,4월 4일,L.Bourgeois,보통으로
2,3,성부 성자 성령께,성부 성자와 성령,3#,4월 4일,C.Meineke,보통으로
3,5,이 천지간 만물들아,이 천지간 만물들아,2b,4월 4일,L.O.Emerson,보통으로
4,4,성부 성자와 성령,성부 성자와 성령,3b,4월 4일,H.W.Greatorex,보통으로
5,,주 성부 성자 성령께,주 성부 성자 성령께,1b,3월 4일,Anonymous,116
6,2,찬양 성부 성자 성령,찬양 성부 성자 성령,1#,6월 4일,T.Hastings,보통으로
7,,구주와 왕이신 우리의 하나님,구주와 우리의 하나님,1#,4월 4일,G.envanPslter,104
8,6,목소리 높여서,목소리 높여서,2#,4월 4일,Canon Hvergal,조금빠르게
9,8,거룩 거룩 거룩,거룩 거룩 거룩,2#,4월 4일,J.B.Dykes,보통으로
10,,거룩하신 하나님,거룩하신 하나님,1b,4월 4일,J.Blumenthal,112
11,42,거룩한 주님께,거룩한 주님께,2b,4월 4일,W.F.Sherwin,보통으로
12,33,고난받은 주를 보라,영광스런 주를 보라,1b,4월 4일,G.C.Stebbins,보통으로
13,64,기뻐하며 경배하세,기뻐하며 경배하세,1#,4월 4일,L.van Beethoven,조금빠르게
14,26,구세주를 아는 이들,구세주를 아는 이들,2b,4월 4일,T.German Melody,보통으로
15,,내 영혼 이제 깨어서,내 영혼 이제 깨어서,1#,4월 4일,W.Caldwell,100
16,170,내 주는 살아 계시고,내 주님은 살아계시고,2#,3월 4일,G.F.Handel,보통으로
17,,내가 한 맘으로,내가 한 맘으로,1b,4월 4일,Arr.F.J.Haydn,112
18,,내 영혼아 곧 깨어,내 영혼아 곧 깨어,1b,4월 4일,G. Lieder Frankfurt,96
19,65,내 영혼아 찬양하라,내 영혼아 찬양하라,2#,2월 4일,J.Goss,보통으로
20,66,다 감사 드리세,다 감사 드리세,1b,4월 4일,Har.F.Mendelssohn,보통으로
21,21,다 찬양하여라,다 찬양하여라,1#,3월 4일,Chorale Book,조금빠르게
22,12,다 함께 주를 경배하세,다 함께 주를 경배하세,0,4월 4일,G. Gesangbuch,보통으로
23,23,만 입이 내게 있으면,만 입이 내게 있으면,4b,3월 2일,Arr.by.L.Mason,보통으로
24,131,다 나와 찬송드리세,다 나와 찬송드리세,3b,3월 4일,Sacred Poems.Dubin,보통으로
25,25,면류관 가지고,면류관 벗어서,3b,4월 4일,G.J.Elvey,보통으로
26,22,만유의 주 앞에,만유의 주 앞에,2#,4월 4일,J.Darwall,조금빠르게
27,27,빛나는 높은 보좌와,빛나고 높은 보좌와,3#,6월 4일,T.Hastings,보통으로
28,28,복의 근원 강림하사,복의 근원 강림하사,2#,3월 4일,J.Wyeth,보통으로
29,29,성도여 다 함께,성도여 다 함께,3#,4월 4일,D.Evans,보통으로
30,14,여호와 하나님,주 우리 하나님,4b,4월 4일, Hebrew Melody,보통으로
31,67,영광의 왕께 다 경배하며,영광의 왕께 다 경배하며,4b,3월 4일,Arr. J.M.Haydn,보통으로
32,68,오 하나님 우리의 창조주시니,오 하나님 우리의 창조주시니,2#,3월 4일,Arr.by E.Kremser,보통으로
33,69,온 천하 만물 우러러,온 천하 만물 우러러,2#,3월 2일,G.K.Cologne,보통으로
34,10,전능왕 오셔서,전능 왕 오셔서,1#,3월 4일,F.de Giardini,보통으로
35,298,속죄하신 구세주를,속죄하신 구세주를,4b,9월 8일,J.McGranahan,보통으로
36,36,주 예수 이름 높이어,주 예수 이름 높이어,1#,4월 4일,O.Holden,보통으로
37,37,주 예수 이름 높이어,주 예수 이름 높이어,1#,3월 4일,J.Ellor,조금빠르게
38,132,주의 영광 빛나니,주의 영광 빛나니,1#,4월 4일,R.Willams,조금빠르게
39,39,주 은혜 받으려,주 은혜를 받으려,2#,3월 4일,E.Kremser,보통으로
40,79,주 하나님 지으신 모든 세계,주 하나님 지으신 모든 세계,2b,4월 4일,Arr.by E.A.Edgren,보통으로
41,20,큰 영광중에 계신 주,큰 영광 중에 계신 주,1#,3월 4일,H.W.Greatorex,보통으로
42,130,찬란한 주의 영광은,찬란한 주의 영광은,2b,3월 4일,W.Knapp,보통으로
43,40,찬송으로 보답할 수 없는,찬송으로 보답할 수 없는,2#,4월 4일,W.J.Kirkpatrick,보통으로
44,19,찬송하는 소리 있어,찬송하는 소리 있어,1#,3월 4일,L.Masson,보통으로
45,34,참 놀랍도다 주 크신 이름,참 놀랍도다 주 크신 이름,4b,3월 4일,W.Croft,보통으로
46,31,찬양하라 복되신 구세주 예수,찬양하라 복되신 구세주,4b,6월 8일,C.G.Allen,보통으로
47,75,주여 우리 무리를,주여 우리 무리를,1b,3월 4일,W.B.Bradbury,보통으로
48,32,만유의 주재,만유의 주재,3b,4월 4일,Arr.byR.S.Willis,보통으로
49,482,참 즐거운 노래를,참 즐거운 노래를,3b,4월 4일,J.R.Sweney,보통으로
50,35,큰 영화로신 주,큰 영화로신 주,3#,4월 4일,L.Edson,보통으로
51,,존귀와 영광,존귀와 영광,0,2월 2일,Rouen Church ,63
52,138,햇빛을 받는 곳마다,햇빛을 받는 곳마다,2#,2월 2일,J.Hatton,보통으로
53,9,하늘에 가득 찬 영광의 하나님,하늘에 가득 찬 영광의 하나님,2#,3월 4일,곽상수,보통으로
54,,하나님이 친히,하나님이 친히,1#,4월 4일,J.Neander,108
55,15,하나님의 크신 사랑,하나님의 크신 사랑,2b,4월 4일,J.Zundel,보통으로
56,44,지난 이레 동안에,지난 이레 동안에,1#,3월 4일,L.Mason,보통으로
57,43,즐겁게 안식할 날,즐겁게 안식할 날,3b,4월 4일,Arr.by L.Mason,보통으로
58,46,이날은 주의 정하신,이날은 주님 정하신,1#,3월 2일,T.A.Arne,보통으로
59,53,성전을 떠나가기 전,성전을 떠나기 전,4b,3월 4일,J.B.Dykes,보통으로
60,56,우리의 주여,우리의 주여,4b,4월 4일,E.J.Hopkins,보통으로
61,54,주여 복을 비옵니다,주여 복을 구하오니,1b,4월 4일,J.J.Rousseau,보통으로
62,55,주 이름으로 모였던,주 이름으로 모였던,2b,4월 4일,G.Whelpton,보통으로
63,,서산으로 해질 때,서산으로 해질 때,1#,6월 4일,W.F.Sherwin,66
64,,지난 밤에 나 고요히,지난 밤 나 고요히,1b,4월 4일,F.J.Haydn,104
65,,생명의 빛 주 예수여,생명의 및 주 예수여,4b,3월 4일,H.S.Oakeley,96
66,58,지난 밤에 보호하사,지난 밤에 보호하사,2b,4월 4일,C.M.von Weber,보통으로
67,60,영혼의 햇빛 예수여,영혼의 햇빛 예수님,1b,3월 4일,Arr.K. Gesangbuch,보통으로
68,59,하나님 아버지 어둔 밤이 지나,하나님 아버지 어둔 밤이 지나,3b,4월 4일,M.du Plain Chant,보통으로
69,,나 가진 모든 것,나 가진 모든 것,4b,4월 4일,Arr.R.A.Shumann,100
70,634,모든 것이 주께로 부터,모든 것이 주께로부터,1#,4월 4일,Arr.L.V. Beethoven,보통으로
71,50,내게 있는 모든 것을,내게 있는 모든 것을,2#,4월 4일,W.S.Weeden,보통으로
72,49,하나님이 언약하신,하나님이 언약하신 그대로,3b,4월 4일,L.N.Morris,보통으로
73,73,내 눈을 들어 두루 살피니,내 눈을 들어 두루 살피니,1b,4월 4일,C.H.Purday,보통으로
74,74,오 만세 반석이신,오 만세 반석이신,2b,6월 4일,J.P.Holbrook,보통으로
75,78,저 높고 푸른 하늘과,저 높고 푸른 하늘과,4b,2월 2일,F.J.Haydn,보통으로
76,,저 해와 달과 별들이,저 해와 달과 별들이,4b,3월 4일,V.C.Taylor,104
77,,전능의 하나님,전능의 하나님,3b,4월 4일,A.f.lvov,104
78,478,참 아름다워라,참 아름다워라,3b,4월 4일,F.L.Sheppard,보통으로
79,70,피난처 있으니,피난처 있으니,1b,3월 4일,T. Musicus,보통으로
80,,주 하나님 크신 능력,주 하나님 크신 능력,3b,4월 4일,Scottish Psalter,104
81,,귀하신 주의 이름은,귀하신 주의 이름은,1#,3월 4일,J.B.Dydes,104
82,95,나의 기쁨 나의 소망되시며,나의 기쁨 나의 소망 되시며,2#,4월 4일,Arr.H.P.Main,보통으로
83,83,나의 맘에 수심 구름,나의 맘에 근심 구름,5b,4월 4일,J.B.Mackay,보통
84,134,나 어느 날 꿈속을 헤매며,나 어느 날 꿈속을 헤매며,1b,6월 8일,L. N. Morris,보통으로
85,85,구주를 생각만 해도,구주를 생각만 해도,1#,3월 4일,J.B.Dykes,보통으로
86,86,내가 참 의지하는 예수,내가 늘 의지하는 예수,1#,4월 4일,P.P.Bilhorn,보통으로
87,87,내 주님 입으신 그 옷은,내 주님 입으신 그 옷은,3b,6월 4일,H.Barraclough,보통으로
88,88,내 진정 사모하는,내 진정 사모하는,1b,4월 4일,Arr.by W.S.Hays,보통으로
89,89,샤론의 꽃 예수,샤론의 꽃 예수,2#,3월 4일,C.H.Gabriel,보통으로
90,82,성부의 어린양이,성부의 어린 양이,0,6월 4일,J.P.Holbrook,보통으로
91,91,슬픈 마음 있는 사람,슬픈 마음 있는 사람,4b,4월 4일,W.H.Doane,조금빠르게
92,398,어둠의 권세에서,어둠의 권세에서,1b,6월 8일,김연준,보통으로
93,93,예수는 나의 힘이요,예수는 나의 힘이요,4b,6월 8일,W.L.Thomson,보통으로
94,96,예수님은 누구신가,예수님은 누구신가,1b,4월 4일,J.J.Rousseau,보통으로
95,,온 세상이 어두워 캄캄하나,온 세상이 어두워 캄캄하나,1b,6월 8일,P.P.Bliss,54
96,84,온 세상이 캄캄하여서,온 세상이 캄캄하여서,3b,6월 8일,신정 찬송가,보통으로
97,92,위에 계신 나의 친구,위에 계신 나의 친구,2b,3월 4일,B.F.Butts,보통으로
98,90,주 예수 내가 알기 전,주 예수 내가 알기 전,4b,3월 4일,G.C.Stebbins,보통으로
99,,주 예수 내 죄 속하니,주 예수 내 죄 속하니,2#,4월 4일,E.A.Hoffman,104
100,,죄인 괴수 날 위해,죄인 괴수 날 위해,3b,3월 4일,Arr.J.P.Holbrook,104
101,101,천지에 있는 이름 중,천지에 있는 이름 중,1b,3월 4일,W.B.Bradbury,보통으로
102,94,주 예수보다 더 귀한 것은 없네,주 예수보다 더 귀한 것은 없네,5b,3월 4일,G.B.Shea,보통으로
103,,참 목자 우리 주,참 목자 우리 주,1b,4월 4일,E.Bunnett,104
104,104,곧 오소서 임마누엘,곧 오소서 임마누엘,1#,4월 4일,Arr.by T.Helmore,보통으로
105,105,오랫동안 기다리던,오랫동안 기다리던,1b,3월 4일,R.H.Prichared,보통으로
106,101,이 새의 뿌리에서,이새의 뿌리에서,1b,2월 2일,G. K.Koln,보통으로
107,102,영원한 문아 열려라,영원한 문아 열려라,2#,2월 2일,W. P. Evangelica,조금빠르게
108,,구주 탄생하심을,구주 탄생하심을,1#,4월 4일,H.A.C.Malan,100
109,109,고요한 밤 거룩한 밤,고요한 밤 거룩한 밤,2b,6월 8일,F.X.Gruber,보통으로
110,,공중에는 노래,공중에는 노래,1#,3월 4일,K.P.Harrigton,100
111,111,귀중한 보배합을,귀중한 보배합을,1b,6월 8일,신정 찬송가,보통으로
112,112,그 맑고 환한 밤중에,그 맑고 환한 밤중에,2b,6월 8일,R.S.Willis,보통으로
113,108,그 어린 주 예수,그 어린 주 예수,4b,3월 4일,J. E. Sspilman,108
114,114,그 어린 주 예수,그 어린 주 예수,1b,3월 4일,J.R.Murray,보통으로
115,115,기쁘다 구주 오셨네,기쁘다 구주 오셨네,2#,2월 4일,G. F. Handel,조금빠르게
116,116,동방박사 세 사람,동방에서 박사들,1#,3월 8일,J.H.Hopkins,보통으로
117,117,만백성 기뻐하여라,만백성 기뻐하여라,1#, 4/4,Arr.by J. Stainer,조금빠르게
118,118,영광 나라 천사들아,영광 나라 천사들아,2b,4월 4일,H. T. Smart,조금빠르게
119,119,옛날 임금 다윗성에,옛날 임금 다윗성에,2#,4월 2일,찬송시,보통으로
120,120,오 베들레헴 작은 골,오 베들레헴 작은 골,1#,4월 4일,L.H.Redner,보통으로
121,121,우리 구주 나신 날,우리 구주 나신 날,2#,6월 8일,L.Mason,보통으로
122,122,참 반가운 신도여,참 반가운 신도여,3#,4월 4일,J.F.Wade,보통으로
123,123,저 들밖에 한밤중에,저 들밖에 한밤중에,2#,3월 4일,W.Sandys,100
124,  ,한밤에 양을 치는 자,한밤에 양을 치는 자,2#,4월 4일,Arr.G.F.Handel,100
125,125,천사들의 노래가,천사들의 노래가,1b, 4/4,Arr.by E.S.Barnes,조금빠르게
126,126,천사 찬송하기를,천사 찬송하기를,1b,4월 4일,F. Mendelssohn,보통으로
127,,예수님의 귀한 사랑,예수님의 귀한 사랑,3b,4월 4일,F.J.Haydn,96
128,139,오 영원한 내 주 예수,오 영원한 내 주 예수,3b,4월 4일,C.W.Laufer,보통으로
129,,오 젊고 용감하신,오 젊고 용감하신,3b,4월 4일,J.B.Dykes,104
130,140,왕 되신 우리 주께,왕되신 우리 주께,0,4월 4일,M.Teschner,보통으로
131,,주 예수 나귀 타고,주 예수 나귀 타고,3b,4월 4일,B.Tours,100
132,141,호산나 호산나,호산나 호산나,2b,4월 4일,K. Hofkapelle,보통으로
133,135,어저께나 오늘이나,어저께나 오늘이나,2b,6월 8일,J.B.Burke,보통으로
134,,감람산 깊은 밤중에,감람산 깊은 밤중에,4b,4월 4일,W.B.Bradbury,112
135,150,갈보리산 위에,갈보리산 위에,2b,6월 8일,G.Bennard,조금느리게
136,147,거기 너 있었는가,거기 너 있었는가,3b,4월 4일,Traditional Spirtual,보통으로
137,251,놀랍다 주님의 큰 은혜,놀랍다 주님의 큰 은혜,1#,3월 4일,D.B.Towner,조금빠르게
138,151,만왕의 왕 내 주께서,만왕의 왕 내 주께서,4#,4월 4일,R.E.Hudson,조금빠르게
139,154,생명의 주여 면류관,생명의 주여 면류관,3b,4월 4일,W.J.Kirkparick,조금빠르게
140,,성도들아 다 나아와,성도들아 다 나아와,1b,2월 2일,J.B.Dykes,80
141,143,웬 말인가 날 위하여,웬 말인가 날 위하여,4b,3월 4일,H.Wilson,보통으로
142,142,영화로신 주 예수의,영화로신 주 예수의,2b,4월 4일,J.R.Sweney,보통으로
143,,십자가에 달리신,십자가에 달리신,2b,4월 4일,Traditional Welsh,84
144,144,예수 나를 위하여,예수 나를 위하여,1b,6월 8일,W.H.Doane,보통으로
145,145,오 거룩하신 주님,오 거룩하신 주님,0,4월 4일,H.L.Hassler,조금느리게
146,146,저 멀리 푸른 언덕에,저 멀리 푸른 언덕에,3b,6월 8일,G.C.Stebbins,보통으로
147,149,주 달려 죽은 십자가,주 달려 죽은 십자가,1b,4월 4일,Gregorian Melody,보통으로
148,,주가 지신 십자가를,주가 지신 십자가를,2b,3월 4일,l.conket,112
149,159,기뻐 찬송하세,기뻐 찬송하세,1#,3월 4일,J.J.Husband,조금빠르게
150,160,무덤에 머물러,무덤에 머물러,2b,4월 4일,R..Lowry,조금느리게
151,162,다시 사신 구세주,부활하신 구세주,2b,6월 8일,A.H.Ackley,보통으로
152,172,사망에 이긴 주,사망을 이긴 주,0,3월 2일,G.F.Root,보통으로
153,,오늘 다시 사심을,오늘 다시 사심을,0,4월 4일,T.Clark,100
154,164,예수 부활했으니,예수 부활했으니,0,4월 4일,Arr Lyra Davidica,조금빠르게
155,165,주님께 영광,주님께 영광,3b,4월 4일,G.F.Handel,조금빠르게
156,166,싸움은 모두 끝나고,싸움은 모두 끝나고,2#,3월 4일,G.P du Palestrina,보통으로
157,167,즐겁도다 이 날,즐겁도다 이 날,1#,4월 4일,F.R.Hanergal,조금빠르게
158,168,하늘에 찬송이 들리던 그 날,하늘에 찬송이 들리던 그 날,5b,9월 4일,C.H.Marsh,조금빠르게
159,161,할렐루야 우리 예수,할렐루야 우리 예수,1b,3월 4일,P.P.Bliss,조금빠르게
160,163,할렐루야 할렐루야,할렐루야 할렐루야,2b,6월 4일,Traditional French ,보통으로
161,174,대속하신 구주께서,대속하신 구주께서,2#,3월 4일,C.Lockhart,조금빠르게
162,175,신랑 되신 예수께서,신랑 되신 예수께서,3b,4월 4일,W.J.Kirkparick,보통으로
163,176,언제 주님 다시 오실는지,주 어느 때 다시 오실는지,2b,4월 4일,W.H.Doane,조금빠르게
164,177,오랫동안 고대하던,오랫동안 고대하던,1#,4월 4일,J.M.Kirk,조금빠르게
165,,저 산 너머 먼동튼다,저 산 너머 먼동 튼다,1#,3월 4일,Welsh Humn,100
166,,주 예수 믿는 자여,주 예수 믿는 자여,2#,4월 4일,H.T.Smart,104
167,179,주 예수의 강림이,주 예수의 강림이,1#,4월 4일,J.H.Hopkins,보통으로
168,180,하나님의 나팔소리,하나님의 나팔소리,1#,4월 4일,J.M.Black,조금빠르게
169,182,강물같이 흐르는 기쁨,강물같이 흐르는 기쁨,4b,3월 4일,W.S.Marshall,96
170,,구주여 크신 인애를,구주여 크신 인애를,4b,3월 2일,Arr by L.Mason,88
171,171,비둘기같이 온유한,비둘기같이 온유한,3b,2월 2일,G.Hews,66
172,183,빈 들에 마른 풀 같이,빈 들에 마른 풀같이,2b,6월 8일,J.McGranahan,보통으로
173,184,불길 같은 성신여,불길 같은 주 성령,1#,3월 4일,Old English,보통으로
174,196,성령의 은사를,성령의 은사를,1b,3월 4일,R.Jackson,보통으로
175,195,성령이여 우리 찬송 부를때,성령이여 우리 찬송 부를 때,1#,4월 4일,J.F.Swift,조금빠르게
176,186,영화로신 주성령,영화로신 주 성령,2b,3월 4일,L.M.Gottchalk,보통으로
177,190,성령이여 강림하사,성령이여 강림하사,1#,6월 4일,J.R.Sweney,보통으로
178,197,은혜가 풍성한 하나님은,은혜가 풍성한 하나님은,3b,4월 4일,M.J.Harris,조금빠르게
179,185,이 기쁜 소식을,이 기쁜 소식을,0,3월 4일,W.J.Kirkparick,조금빠르게
180,188,무한하신 주 성령,무한하신 주 성령,1#,4월 4일,U.S.Burmap,보통으로
181,189,진실하신 주 성령,진실하신 주 성령,1#,3월 4일,M.M.Wells,보통으로
182,250,구주의 십자가 보혈로,구주의 십자가 보혈로,4b,4월 4일,J.H.Stockton,보통으로
183,283,나 속죄함을 받은 후,나 속죄함을 받은 후,1b,4월 4일,E.O.Excell,보통으로
184,252,나의 죄를 씻기는,나의 죄를 씻기는,1#,4월 4일,R.Lowry,보통으로
185,311,내 너를 위하여,내 너를 위하여,0,6월 8일,P.P.Bliss,보통으로
186,254,내 주의 보혈은,내 주의 보혈은,3b,3월 4일,L.Hartsough,보통으로
187,255,너희 죄 흉악하나,너희 죄 흉악하나,4b,3월 4일,W.H.Doane,보통으로
188,494,만세반석 열리니,만세반석 열리니,2b,3월 4일,T.Hastings,보통으로
189,257,마음에 가득한 의심을 깨치고,마음에 가득한 의심을 깨치고,1b,4월 4일,R.K.Cater,보통으로
190,258,샘물과 같은 보혈은,샘물과 같은 보혈은,2b,4월 4일,Arr byL.Mason,보통으로
191,297,양 아흔 아홉 마리는,양 아흔 아홉 마리는,4b,6월 8일,I.D.Snkey,보통으로
192,,영원히 죽게 될 내 영혼,영원히 죽게 될 내 영혼,3b,4월 4일,G.C.Tullar,92
193,259,예수 십자가에 흘린 피로써,예수 십자가에 흘린 피로써,4b,4월 4일,E.A.Hoffman,보통으로
194,260,우리를 죄에서 구하시려,우리를 죄에서 구하시려,2b,4월 4일,P.P.Billhorn,보통으로
195,261,이 세상의 모든 죄를,이 세상의 모든 죄를,2#,4월 4일,H.S.Perkins,보통으로
196,262,날 구원하신 예수를,날 구원하신 예수를,1b,3월 2일,L.Mason,보통으로
197,263,이 세상 험하고,이 세상 험하고,2#,3월 4일,J.T.Grape,보통으로
198,264,정결하게 하는 샘이,정결하게 하는 샘이,3b,4월 4일,M.J.Harris,보통으로
199,265,주 십자가를 지심으로,주 십자가를 지심으로,0,4월 4일,J.G.Foote,보통으로
200,266,주의 피로 이룬 샘물,주의 피로 이룬 샘물,3b,3월 4일,P.P.Knapp,보통으로
201,267,주의 확실한 약속의 말씀 듣고,주의 확실한 약속의 말씀 듣고,1b,3월 4일,P.P.Bliss,보통으로
202,268,죄에서 자유를 얻게 함은,죄에서 자유를 얻게 함은,2b,4월 4일,L.E.Jones,보통으로
203,,나 행한 것으로,나 행한 것으로,2#,4월 4일,Har. By A.Sullivan,100
204,288,예수로 나의 구주 삼고,예수로 나의 구주 삼고,2#,9월 8일,P.P.Knapp,보통으로
205,287,예수 앞에 나오면,예수 앞에 나오면,3b,3월 4일,신편 찬송가,보통으로
206,284,오랫동안 모든 죄 가운데 빠져,오랫동안 모든 죄 가운데 빠져,2b,4월 4일,G.A.Minor,보통으로
207,,주 나에게 주시는,주 나에게 주시는,2b,3월 4일,E.O.Excell,104
208,289,주 예수 내 맘에 들어와,주 예수 내 맘에 들어와,4b,4월 4일,C.H.Gabriel,보통으로
209,285,주의 말씀 받은 그 날,주의 말씀 받은 그 날,1b,3월 2일,Arr. E.F.Rimbault,보통으로
210,421,내 죄 사함 받고서,내가 예수 믿고서,1#,4월 4일,W.S.Martin,보통으로
211,269,그 참혹한 십자가에,그 참혹한 십자가에,1#,4월 4일,신증복음가,보통으로
212,420,너 성결키 위해,너 성결키 위해,1b,6월 8일,G.C.Stebbins,보통으로
213,423,먹보다도 더 검은,먹보다도 더 검은,4b,3월 4일,H.H.Booth,보통으로
214,270,변찮는 주님의 사랑과,변 찮는 주님의 사랑과,1#,4월 4일,J.P.Webster,보통으로
215,426,이 죄인을 완전케 하옵시고,이 죄인을 완전케 하옵시고,4b,3월 4일,W.G.Fischer,보통으로
216,424,아버지여 나의 맘을,아버지여 나의 맘을,4#,3월 2일,I.B.Woodbury,보통으로
217,425,주님의 뜻을 이루소서,주님의 뜻을 이루소서,3b,9월 4일,G.C.Stebbins,보통으로
218,286,주 예수님 내 맘에 오사,주 예수님 내 맘에 오사,1b,6월 4일,H.D.Clarke,보통으로
219,540,주의 음성을 내가 들으니,주의 음성을 내가 들으니,1#,4월 4일,W.H.Doane,보통으로
220,234,구주 예수 그리스도,구주 예수 그리스도,0,6월 8일,S.J.Vail,보통으로
221,246,나 가난복지 귀한 성에,나 가나안땅 귀한 성에,4b,4월 4일,P.P.Bilhorn,보통으로
222,235,보아라 즐거운 우리 집,보아라 즐거운 우리 집,1#,4월 4일,T.C.O.Kane,보통으로
223,236,세상 모든 수고 끝나,우리 모든 수고 끝나,4b,4월 4일,C.B.Widmeyer,조금빠르게
224,243,저 요단강 건너편에,저 요단강 건너편에,0,4월 4일,신증복음가,보통으로
225,,새 예루살렘 복된 집,새 예루살렘 복된 집,2b,4월 4일,German Melody,100
226,237,저 건너편 강 언덕에,저 건너편 강 언덕에,3b,4월 4일,D.A.DeMarvelle,보통으로
227,,저 하늘나라는,저 하늘나라는,0,4월 4일,J.Darwall,120
228,245,저 좋은 낙원 이르니,저 좋은 낙원 이르니,4#,3월 4일,J.R.Sweney,보통으로
229,,주 예수 다스리시는,주 에수 다스리시는,4b,4월 4일,Wyeth's Repository ,88
230,239,저 뵈는 본향집,저 뵈는 본향 집,2b,6월 8일,P.Phillps,보통으로
231,240,주가 맡긴 모든 역사,주가 맡긴 모든 역사,4b,4월 4일,J.R.Sweney,보통으로
232,241,아름다운 본향,아름다운 본향,2#,3월 4일,P.Phillps,보통으로
233,242,황무지가 장미꽃같이,황무지가 장미꽃같이,3b,4월 4일,F.Horton,보통으로
234,199,나의 사랑하는 책
235,200,달고 오묘한 그 말씀,달고 오묘한 그 말씀,1b,6월 8일,P.P.Bliss,보통으로
236,205,주 예수 크신 사랑,주 예수 크신 사랑,0,4월 4일,W.H.Doane,조금빠르게
237,,저 높고 넓은 하늘이,저 높고 넓은 하늘이,3b,2월 2일,L.Mason,72
238,,주님의 귀한 말씀은,주님의 귀한 말씀은,1#,3월 4일,W.A.F.Schulthes,112
239,,사랑의 하늘 아버지,사랑의 하늘 아버지,1#,3월 4일,T.Haweis,104
240,201,참 사람되신 말씀,참 사람되신 말씀,3b,4월 4일,F.Mendelssohn,보통으로
241,202,하나님 아버지 주신 책은,하나님 아버지 주신 책은,1#,6월 8일,P.P.Bliss,보통으로
242,600,교회의 참된 터는,교회의 참된 터는,3b,4월 4일,S.S.Wesley,보통으로
243,207,귀하신 주님 계신 곳,귀하신 주님 계신 곳,3b,2월 2일,J.Hatton,보통으로
244,598,천지 주관하는 주님,천지 주관하는 주님,2b,3월 4일,I.Conket,보통으로
245,210,시온성과 같은 교회,시온성과 같은 교회,3b,4월 4일,F.J.Haydn,보통으로
246,208,내 주의 나라와,내 주의 나라와,1#,4월 4일,A.Williams,보통으로
247,209,이 세상 풍파 심하고,이 세상 풍파 심하고,2b,6월 4일,T.Hastings,보통으로
248,248,시온의 영광이 빛나는 아침,시온의 영광이 빛나는 아침,4b,3월 4일,L.Mason,보통으로
249,249,주 사랑하는 자 다 찬송할 때에,주 사랑하는 자 다 찬송할 때에,1b,6월 8일,R.Lowry,보통으로
250,,아름다운 시온성아,아름다운 시온성아,0,4월 4일,J.Neander,100
251,519,구주께서 부르되,구주께서 부르되,0,4월 4일,신증복음가,보통으로
252,518,기쁜 소리 들리니,기쁜 소리 들리니,1#,3월 4일,W.J.Kirkparick,조금빠르게
253,521,구원으로 인도하는,구원으로 인도하는,3b,4월 4일,J.R.Sweney,조금빠르게
254,,주 은총 입은 종들이,주 은총 입은 종들이,3b,4월 4일,E.Drewett,92
255,501,너 시온아 이 소식 전파하라,너 시온아 이 소식 전파하라,2b,4월 4일,J.Walch,보통으로
256,515,눈을 들어 하늘 보라,눈을 들어 하늘 보라,3b,4월 4일,박재훈,보통으로
257,520,듣는 사람마다 복음 전하여,듣는 사람마다 복음 전하여,0,4월 4일,P.P.Bliss,보통으로
258,500,물 건너 생명줄 던지어라,물 위에 생명줄 던지어라,1b,6월 8일,E.S.Ufford,보통으로
259,502,빛의 사자들이여,빛의 사자들이여,1#,4월 4일,J.E.Jones,보통으로
260,496,새벽부터 우리,새벽부터 우리,2b,4월 4일,G.A.Minor,보통으로
261,582,어둔밤 마음에 잠겨,어둔 밤 마음에 잠겨,4b,4월 4일,이동훈,보통으로
262,523,어둔 죄악 길에서,어둔 죄악 길에서,3b,4월 4일,W.J.Kirkparick,보통으로
263,511,예수 말씀하시기를,예수 말씀하시기를,1b,4월 4일,P.P.Van Arsdale,보통으로
264,,예수의 전한 복음,예수의 전한 복음,2b,4월 4일,G.J.Webb,108
265,516,옳은 길 따르라 의의 길을,옳은 길 따르라 의의 길을,3b,4월 4일,H.E.Nichol,보통으로
266,504,왕의 명령 전달할 사자여,주님의 명령 전달할 사자여,3b,4월 4일,G.W.Warren,보통으로
267,329,주 날 불러 이르소서,주 날 불러 이르소서,1#,4월 4일,R.A.Schumann,보통으로
268,505,온 세상 위하여,온 세상 위하여,1#,4월 4일,B.B.Mckinney,보통으로
269,522,웬일인가 내 형제여,웬일인가 내 형제여,4b,3월 4일,H.Wilson,보통으로
270,508,우리가 지금은 나그네 되어도,우리가 지금은 나그네 되어도,3b,4월 4일,F.H.Cassel,보통으로
271,495,익은 곡식 거둘 자가,익은 곳식 거둘 자가,4b,4월 4일,L.N.Morris,보통으로
272,475,인류는 하나 되게,인류는 하나 되게,1b,3월 4일,나인용,보통으로
273,507,저 북방 얼음산과,저 북방 얼음산과,3b,4월 4일,L.Mason,보통으로
274,497,주 예수 넓은 사랑,주 예수 넓은 사랑,4b,4월 4일,W.G.Fischer,보통으로
275,498,저 죽어가는 자 다 구원하고,저 죽어가는 자 다 구원하고,2b,4월 4일,W.H.Doane,보통으로
276,510,하나님의 진리 등대,하나님의 진리 등대,4b,3월 4일,P.P.Bliss,보통으로
277,499,흑암에 사는 백성들을 보라,흑암에 사는 백성들을 보라,4b,4월 4일,J.McGranahan,보통으로
278,220,사랑하는 주님 앞에,사랑하는 주님 앞에,3b,3월 2일,D.B.Towner,조금느리게
279,219,주 하나님의 사랑은,주 하나님의 사랑은,3#,4월 4일,G.W.Fink,보통으로
280,,생전에 우리가,생전에 우리가,1b,3월 4일,Arr.by L.Mason,92
281,229,아무 흠도 없고,아무 흠도 없고,3b,3월 4일,A.Chapin,보통으로
282,232,유월절 때가 이르매,유월절 때가 이르러,1b,2월 2일,H.K.Oliver,조금느리게
283,227,주 앞에 성찬 받기 위하여,주 앞에 성찬 받기 위하여,0,4월 4일,F.C.Arkinson,보통으로
284,198,주 예수 해변서,주 예수 해변서,3b,4월 4일,W.F.Sherwin,보통으로
285,228,오 나의 주님 친히 뵈오니,오 나의 주님 친히 뵈오니,3b,4월 4일,E.Dearle,보통으로
286,602,성부님께 빕니다,성부님께 빕니다,2#,4월 4일,The Parish Choir,보통으로
287,605,오늘 모여 찬송함은,오늘 모여 찬송함은,1#,4월 4일,L.V.Beethoven,조금빠르게
288,604,완전한 사랑,완전한 사랑,3b,4월 4일,J.Barnby,보통으로
289,610,고생과 수고가 지난 후,고생과 수고가 다 지난 후,1#,6월 4일,C.H.Gabriel,보통으로
290,479,괴로운 인생길 가는 몸이,괴로운 인생길 가는 몸이,3b,3월 4일,The Bristol Tune ,보통으로
291,606,날빛보다 더 밝은 천국,해보다 더 밝은 천국,1#,4월 4일,J.P.Webster,보통으로
292,607,내 본향 가는 길,내 본향 가는 길,1#,4월 4일,신편 찬송가,보통으로
293,480,천국에서 만나보자,천국에서 만나 보자,1#,4월 4일,Arr.I.G.Martin,보통으로
294,,친애한 이 죽으니,친애한 이 죽으니,1#,3월 4일,M.M.Wells,96
295,608,후일에 생명 그칠 때,후일에 생명 그칠 때,3b,3월 4일,G.C.Sebbins,조금느리게
296,551,오늘까지 복과 은혜,오늘까지 복과 은혜,4b,4월 4일,Essay on the Church ,보통으로
297,554,종소리 크게 울려라,종소리 크게 울려라,3b,4월 4일,J.B.Calkin,보통으로
298,225,실로암 샘물가에 핀,실로암 샘물가에 핀,2#,3월 4일,I.B.Woodbury,보통으로
299,564,예수께서 오실 때에,예수께서 오실 때에,3b,3월 4일,G.F.Root,보통으로
300,565,예수께로 가면,예수께로 가면,2b,4월 4일,찬송시,조금빠르게
301,566,사랑의 하나님,사랑의 하나님,1#,4월 4일,J.S.Bach,보통으로
302,575,주님께 귀한 것 드려,주님께 귀한 것 드려,3b,3월 4일,C.A.Barnard,보통으로
303,574,가슴마다 파도친다,가슴마다 파도 친다,0,4월 4일,이동훈,보통으로
304,579,어머니의 넓은 사랑,어머니의 넓은 사랑,2#,4월 4일,구두회,보통으로
305,305,사철에 봄바람 불어 잇고,사철에 봄바람 불어 잇고,5b,3월 4일,구두회,보통으로
306,587,감사하는 성도여,감사하는 성도여,1b,4월 4일,G.J.Elvey,보통으로
307,588,공중 나는 새를 보라,공중 나는 새를 보라,1b,3월 2일,Arr.by Emmelar,보통으로
308,589,넓은 들에 익은 곡식,넓은 들에 익은 곡식,1#,6월 8일,J.B.O.Clemm,보통으로
309,590,논밭에 오곡백과,논밭에 오곡백과,2b,4월 4일,J.Steurlein,보통으로
310,591,저 밭에 농부 나가,저 밭에 농부 나가,4b,4월 4일,J.A.P.Schulz,조금빠르게
311,592,산마다 불이 찬다 고운 단풍에,산마다 불이 탄다 고운 단풍에,1#,6월 4일,박재훈,조금빠르게
312,593,묘한 세상 주시고,아름다운 하늘과,1#,4월 4일,C.Kocher,보통으로
313,524,갈 길을 밝히 보이시니,갈 길을 밝히 보이시니,2b,4월 4일,G.F.Root,보통으로
314,509,기쁜 일이 있어 천국 종 치네,기쁜 일이 있어 천국 종 치네,4b,4월 4일,G.F.Root,보통으로
315,525,돌아와 돌아와,돌아와 돌아와,3b,4월 4일,W.H.Doane,보통으로
316,526,목마른 자들아,목마른 자들아,0,4월 4일,S.Webbe,보통으로
317,527,어서 돌아오오,어서 돌아오오,1#,4월 4일,박재훈,보통으로
318,528,예수가 우리를 부르는 소리,예수가 우리를 부르는 소리,4b,6월 8일,W.L.Thompson,보통으로
319,529,온유한 주님의 음성,온유한 주님의 음성,4b,6월 8일,H.Lillenas,보통으로
320,530,주께서 문에 오셔서,주께서 문에 오셔서,3b,2월 2일,J.E.Gould,보통으로
321,531,자비한 주께서 부르시네,자비한 주께서 부르시네,2#,6월 8일,G.C.Stebbins,보통으로
322,,주께로 나오라,주께로 나오라,2b,4월 4일,F.C.Masker,96
323,532,주께로 한 걸음씩,주께로 한 걸음씩,4b,6월 8일,W.H.Doane,보통으로
324,534,주님 찾아오셨네,주님 찾아오셨네,1b,3월 4일,C.L.Naylor,보통으로
325,535,주 예수 대문 밖에,주 예수 대문 밖에,3b,4월 4일,J.H.Knecht,보통으로
326,536,죄짐에 눌린 사람은,죄짐에 눌린 사람은,1#,4월 4일,J.H.Stockton,보통으로
327,538,죄짐을 지고서 곤하거든,죄짐을 지고서 곤하거든,4b,6월 8일,L.N.Morris,보통으로
328,512,천성 길을 버리고,천성 길을 버리고,0,3월 4일,J.McGranahan,보통으로
329,537,형제여 지체 말라,형제여 지체 말라,3#,6월 8일,G.F.Root,보통으로
330,272,고통의 멍에 벗으려고,고통의 멍에 벗으려고,4b,6월 4일,G.C.Stebbins,보통으로
331,331,나 주를 멀리 떠났다,나 주를 멀리 떠났다,4b,4월 4일,W.J.Kirkparick,96
332,274,나 행한 것 죄뿐이니,나 행한 것 죄뿐이니,4b,3월 4일,F.H.Byshe,보통으로
333,275,날마다 주와 버성겨,날마다 주와 버성겨,2#,3월 4일,B.D.Ackley,보통으로
334,276,아버지여 이 죄인을,아버지여 이 죄인을,2b,4월 4일,J.Zundel,조금빠르게
335,277,양 떼를 떠나서,양 떼를 떠나서,1b,6월 8일,J.Zundel,보통으로
336,278,여러 해 동안 주 떠나,여러 해 동안 주 떠나,1#,6월 8일,R.Lowry,보통으로
337,279,인애하신 구세주여,인애하신 구세주여,4b,4월 4일,W.H.Doane,조금빠르게
338,280,천부여 의지 없어서,천부여 의지 없어서,1b,4월 4일,W.Shield,보통으로
339,282,큰 죄에 빠진 날 위해,큰 죄에 빠진 날 위해,2#,3월 4일,W.B.Bradbury,보통으로
340,542,구주 예수 의지함이,구주 예수 의지함이,4b,4월 4일,W.J.Kirkparick,보통으로
341,312,너 하나님께 이끌리어,너 하나님께 이끌리어,2b,3월 4일,G.Neumark,보통으로
342,543,어려운 일 당할 때,어려운 일 당할 떄,1#,6월 8일,I.D.Sankey,보통으로
343,544,울어도 못하네,울어도 못하네,3b,4월 4일,R.Lowry,조금빠르게
344,545,이 눈에 아무 증거 아니 뵈어도,이 눈에 아무 증거 아니 뵈어도,4b,4월 4일,R.Lowry,조금빠르게
345,,주 하나님 늘 믿는 자,주 하나님 늘 믿는 자,2#,4월 4일,Arr.by J.S.Bach,96
346,211,값비싼 향유를 주께 드린,값 비싼 향유를 주께 드린,4b,4월 4일,E.P.Parker,보통으로
347,212,겸손히 주를 섬길 때,겸손히 주를 섬길 때,3b,3월 4일,H.P.Smith,보통으로
348,213,나의 생명드리니,나의 생명 드리니,1#,3월 4일,W.A.Mozart,보통으로
349,214,나 주의 도움 받고자,나 주의 도움 받고자,3b,6월 8일,I.D.Sankey,보통으로
350,320,나의 죄를 정케하사,나의 죄를 정케 하사,3#,3월 4일,A.R.Gibbs,보통으로
351,321,날 대속하신 예수께,날 대속하신 예수께,1b,3월 4일,C.R.Dunbar,보통으로
352,313,내 임금 예수 내 주여,내 임금 예수 내 주여,1#,6월 8일,J.R.Sweney,보통으로
353,317,내 주 예수 주신 은혜,내 주 예수 주신 은혜,0,3월 4일,E.O.Excell,보통으로
354,215,내 죄 속해 주신 주께,내 죄 속해 주신 주께,1b,4월 4일,A.Hull,보통으로
355,323,부름받아 나선 이 몸,부름받아 나선 이 몸,4b,3월 4일,이유선,보통으로
356,216,성자의 귀한 몸,성자의 귀한 몸,1#,4월 4일,R.Lowry,보통으로
357,322,세상의 헛된 신을 버리고,세상의 헛된 신을 버리고,3b,4월 4일,E.Dealre,보통으로
358,552,아침 해가 돋을 때,아침 해가 돋을 때,1#,3월 4일,찬,보통으로
359,325,예수가 함께 계시니,예수가 함께 계시니,3b,9월 8일,C.F.Wigele,보통으로
360,324,예수 나를 오라 하네,예수 나를 오라 하네,1b,4월 4일,J.S.Norris,조금빠르게
361,327,주의 주신 화평,주님 주실 화평,3b,3월 4일,E.A.Hoffman,보통으로
362,217,하나님이 말씀하시기를,하나님이 말씀하시기를,1b,3월 8일,W.J.Kirkparick,보통으로
363,337,내 모든 시험 무거운 짐을,내 모든 시험 무거운 짐을,2#,9월 8일,E.A.Hoffman,보통으로
364,338,내 주를 가까이하게 함은,내 주를 가까이하게 함은,1#,6월 8일,L.Mason,보통으로
365,339,내 주의 지신 십자가,내 주님 지신 십자가,4b,6월 4일,G.N.Allen,보통으로
366,340,어지러운 세상 중에,어지러운 세상 중에,3b,6월 4일,S.Jenks,보통으로
367,341,십자가를 내가 지고,십자가를 내가 지고,4b,4월 4일,W.A.Mozart,보통으로
368,326,내 죄를 회개하고,내 죄를 회개하고,4b,4월 4일,Songs young people,보통으로
369,218,네 맘과 정성을 다하여서,네 맘과 정성을 다하여서,3b,3월 4일,곽상수,보통으로
370,330,어둔밤 쉬 되리니,어둔 밤 쉬 되리니,1b,4월 4일,L.Mason,조금빠르게
371,580,삼천리 반도 금수강산,삼천리 반도 금수강산,1b,4월 4일,Arr.G.Donizetti,조금빠르게
372,595,내 맡은 본분은,나 맡은 본분은,4b,3월 2일,J.Chetham's,보통으로
373,503,세상 모두 사랑 없어,세상 모두 사랑 없어,1#,3월 4일,E.O.Excell,보통으로
374,328,너 주의 사람아,너 주의 사람아,2b,4월 4일,W.H.Walter,조금빠르게
375,331,영광을 받으신 만유의 주여,영광을 받으신 만유의 주여,3b,6월 8일,G.C.Stebbins,보통으로
376,450,내 평생 소원 이것뿐,내 평생 소원 이것뿐,4b,3월 2일,C.G.Glaser,보통으로
377,449,예수 따라가며,예수 따라가며,1b,3월 4일,W.H.Doane,보통으로
378,597,이전에 주님을 내가 몰라,이전에 주님을 내가 몰라,1b,3월 4일,이유선,보통으로
379,204,주의 말씀 듣고서,주의 말씀 듣고서,3b,6월 8일,P.P.Bliss,보통으로
380,,내 마음 주께 드리니,내 마음 주께 드리니,4b,3월 2일,W.H.Havergal,84
381,333,충성하라 죽도록,충성하라 죽도록,1#,4월 4일,Old Melody,조금빠르게
382,347,허락하신 새 땅에,허락하신 새 땅에,2b,4월 4일,P.P.Bilhorn,조금빠르게
383,336,환난과 핍박 중에도,환난과 핍박 중에도,1#,3월 4일,H.F.Hemy,보통으로
384,585,내 주는 강한 성이요,내 주는 강한 성이요,0,4월 4일,M.Luther,보통으로
385,,군기를 손에 높이 들고,군기를 손에 높이 들고,2b,9월 8일,J.R.Sweney,80
386,355,차게 일어나,다 같이 일어나,2b,4월 4일,Arr. from J.Goss,조금빠르게
387,349,나는 예수 따라가는,나는 예수 따라가는,2b,6월 4일,L.N.Morris,보통으로
388,348,마귀들과 싸울지라,마귀들과 싸울지라,0,4월 4일,T.A. Melody,조금빠르게
389,351,믿는 사람들은 군병 같으니,믿는 사람들은 주의 군사니,3b,4월 4일,A.S.Sullivan,조금빠르게
390,352,십자가 군병들아,십자가 군병들아,2b,4월 4일,G.J.Webb,조금빠르게
391,353,십자가 군병 되어서,십자가 군병 되어서,2#,4월 4일,I.D.Sankey,조금빠르게
392,,예수의 이름 힘입어서,예수의 이름 힘입어서,3b,4월 4일,W.S.Martin,104
393,350,우리들의 싸울 것은,우리들의 싸울 것은,1#,2월 4일,Anonymous,조금빠르게
394,354,주를 앙모하는 자,주를 앙모하는 자,2#,4월 4일,신정 찬송가,조금빠르게
395,342,너 시험을 당해,너 시험을 당해,4b,6월 8일,H.R.Palmer,보통으로
396,356,주 예수 이름 소리 높여,주 예수 이름 소리 높여,2#,4월 4일,신편 찬송가,조금빠르게
397,357,주 믿는 사람 일어나,주 믿는 사람 일어나,3b,6월 8일,I.D.Sankey,조금빠르게
398,346,주 예수 우리 구하려,주 예수 우리 구하려,2b,4월 4일,H.S.Cutler,조금빠르게
399,546,주의 약속하신 말씀 위에서,주님 약속하신 말씀 위에서,2b,4월 4일,R.K.Carter,조금빠르게
400,358,주의 진리 위해 십자가 군기,주의 진리 위해 십자가 군기,4b,4월 4일,J.McGranahan,조금빠르게
401,359,천성을 향해 가는 성도들아,천성을 향해 가는 성도들아,2b,4월 4일,R.Lowry,조금빠르게
402,360,행군 나팔 소리로,행군 나팔 소리로,3b,4월 4일,D.B.Towner,조금빠르게
403,303,나 위하여 십자가의,날 위하여 십자가의,1#,3월 2일,R.Lowry,보통으로
404,304,그 크신 하나님의 사랑,그 크신 하나님의 사랑,2#,3월 4일,F.M.Lehman,보통으로
405,305,나 같은 죄인 살리신,나 같은 죄인 살리신,1#,3월 4일,Arr.by.E.O.Excell,보통으로
406,400,내 맘이 낙심되며,내 맘이 낙심되며,2b,6월 8일,J.B.Evans,보통으로
407,,그 영원하신 사랑은,그 영원하신 사랑은,3b,3월 4일,Arr. W.V.Wallace,76
408,302,내 주 하나님 넓고 큰 은혜는,내 주 하나님 넓고 큰 은혜는,2#,4월 4일,R.K.Cater,보통으로
409,309,목마른 내 영혼,목마른 내 영혼,1b,4월 4일,H.L.Gilmour,보통으로
410,310,아 하나님의 은혜로,아 하나님의 은혜로,3b,4월 4일,J.McGranahan,보통으로
411,563,예수 사랑하심은,예수 사랑하심을,3b,2월 4일,W.B.Bradbury,보통으로
412,290,우리는 주님을 늘 배반하나,우리는 주님을 늘 배반하나,1#,4월 4일,L.D.Sakey,보통으로
413,291,외롭게 사는 이 그 누군지,외롭게 사는 이 그 누군가,3b,3월 4일,W.S.Martin,보통으로
414,293,주의 사랑 비칠 때에,주의 사랑 비췰 때에,5b,6월 8일,W.J.Kirkparick,보통으로
415,292,주 없이 살 수 없네,주 없이 살 수 없네,1#,4월 4일,S.Ferreti,조금빠르게
416,294,하나님은 외아들을,하나님의 외아들은,2b,6월 4일,Sambika,보통으로
417,295,큰 죄에 빠진 나를,큰 죄에 빠진 나를,2b,3월 4일,L.N.Morris,보통으로
418,299,하나님 사랑은,하나님 사랑은,1b,3월 4일,R.Jackson,보통으로
419,371,구주여 광풍이 일어,구주여 광풍이 일어,2b,6월 8일,H.R.Palmer,보통으로
420,372,그 누가 나의 괴롬 알며,그 누가 나의 괴롬 알며,1#,4월 4일,Negro Sprirual,보통으로
421,375,나는 갈길 모르니,나는 갈 길 모르니,4b,4월 4일,J.E.Gould,보통으로
422,376,나그네와 같은 내가,나그네와 같은 내가,2#,3월 4일,T.Hastings,보통으로
423,374,나의 믿음 약할 때,나의 믿음 약할 때,1b,4월 4일,R.Harkness,조금빠르게
424,380,나의 생명 되신 주,나의 생명 되신 주,4b,3월 4일,W.H.Doane,조금느리게
425,381,나 캄캄한 밤 죄의 길에,나 캄캄한 밤 죄의 길에,3b,4월 4일,W.S.Weeden,보통으로
426,,날 위하여 날 위하여,날 위하여 날 위하여,1b,4월 4일,C.C.Converse,96
427,191,내가 매일 기쁘게,내가 매일 기쁘게,4b,4월 4일,D.M.Shanks,조금빠르게
428,,내가 환난 당할 때에,내가 환난 당할 때에,0,3월 4일,J.H.Willcox,80
429,379,내 갈 길 멀고 밤은 깊은데,내 갈 길 멀고 밤은 깊은데,4b,3월 4일,J.B.Dykes,조금느리게
430,378,내 선한 목자,내 선한 목자,2b,2월 4일,Thuringian Filk Song,보통으로
431,549,내 주여 뜻대로,내 주여 뜻대로,3b,4월 4일,C.M.von Weber,보통으로
432,382,너 근심 걱정 말아라,너 근심 걱정 말아라,2b,6월 8일,W.S.Martin,44
433,383,눈을 들어 산을 보니,눈을 들어 산을 보니,2#,3월 4일,T.A. Melody,보통으로
434,384,나의 갈길 다 가도록,나의 갈 길 다 가도록,1#,3월 4일,R.Lowry,보통
435,385,못 박혀 죽으신,못 박혀 죽으신,3b,4월 4일,l.Mason,조금느리게
436,567,다정하신 목자 예수,다정하신 목자 예수,4b,4월 4일,C.A.Barnard,보통으로
437,,주 나의 목자 되시니,주 나의 목자 되시니,1#,3월 4일,W.Gardiner,96
438,71,예부터 도움 되시고,예부터 도움 도시고,0,4월 4일,W.Croft,보
439,386,만세반석 열린 곳에,만세 반석 열린 곳에,3b,3월 2일,W.W.Benty,보통으로
440,387,멀리 멀리 갔더니,멀리 멀리 갔더니,1#,3월 4일,W.G.Fischer,보통으로
441,388,비바람 칠 때와,비바람이 칠 때와,1b,6월 4일,S.B.Marsh,보통으로
442,569,선한 목자 되신 우리 주,선한 목자 되신 우리 주,3b,4월 4일,W.B.Bradbury,조금빠르게
443,343,시험받을 때에,시험받을 때에,0,4월 4일,S.Lane,보통으로
444,390,예수가 거느리시니,예수가 거느리시니,5b,4월 4일,W.B.Bradbury,보통으로
445,,오 나의 하나님,오 나의 하나님,1b,4월 4일,Meiningen,96
446,391,오 놀라운 구세주,오 놀라운 구세주,2#,6월 8일,W.J.Kirkparick,보통으로
447,393,오 신실하신 주,오 신실하신 주,3b,3월 4일,W.M.Runyan,보통으로
448,447,이 세상 끝날까지,이 세상 끝날까지,1#,4월 4일,A.H.Mann,보통으로
449,394,이 세상의 친구들,이 세상의 친구들,4b,4월 4일,A.A.Luther,보통으로
450,395,자비하신 예수여,자비하신 예수여,0,3월 4일,J.P.Holbrook,조금느리게
451,377,전능하신 여호와여,전능하신 주 하나님,1#,4월 4일,J.Hughes,조금빠르게
452,81,주는 귀한 보배,주는 귀한 보배,3b,4월 4일,J.Cruger,보통으로
453,570,주는 나를 기르시는 목자,주는 나를 기르시는 목자,1#,4월 4일,장수철,보통으로
454,397,주 사랑 안에 살면,주 사랑 안에 살면,3b,4월 4일,Harm.by D.Evans,보통으로
455,370,주 안에 있는 나에게,주 안에 있는 나에게,1#,6월 8일,W.J.Kirkparick,보통으로
456,430,주와 같이 길 가는 것,주와 같이 길 가는 것,3b,4월 4일,A.B.Simpson,조금빠르게
457,401,주의 곁에 있을 때,주의 곁에 있을 때,0,4월 4일,F.M.Davis,보통으로
458,405,주의 친절한 팔에 안기세,주의 친절한 팔에 안기세,4b,4월 4일,A.J.Showalter,조금빠르게
459,,지금까지 지내 온 것,지금까지 지내 온 것,2#,3월 4일,J.Wyeth,92
460,301,지금까지 지내 온 것,지금까지 지내 온 것,3b,3월 4일,박재훈,보통으로
461,345,캄캄한 밤 사나온 바람 불 때,캄캄한 밤 사나운 바람 불 때,4#,6월 8일,이동훈,보통으로
462,432,큰 물결이 설레는 어둔 바다,큰 물결이 설레는 어둔 바다,3b,6월 4일,W.S.Nickel,보통으로
463,400,험한 시험 물속에서,험한 시험 물속에서,1b,4월 4일,C.Fisher,보통으로
464,406,곤한 내 영혼 편히 쉴 곳과,곤한 내 영혼 편히 쉴 곳과,4b,4월 4일,L.N.Morris,보통으로
465,407,구주와 함께 나 죽었으니,구주와 함께 나 죽었으니,1b,3월 4일,M.W.Moody,조금빠르게
466,408,나 어느 곳에 있든지,나 어느 곳에 있든지,1#,3월 4일,L.O.Brown,보통으로
467,,내게로 와서 쉬어라,내게로 와서 쉬어라,3b,6월 8일,Arr. B. B. Mckinney,48
468,410,내 맘에 한 노래 있어,내 맘에 한 노래 있어,4b,6월 8일,P.P.Bilhorn,보통으로
469,412,내 영혼의 그윽히 깊은 데서,내 영혼의 그윽히 깊은 데서,4b,6월 8일,W.G.Cooper,보통으로
470,413,내 평생에 가는 길,내 평생에 가는 길,5b,4월 4일,P.P.Bliss,조금빠르게
471,415,십자가 그늘 밑에,십자가 그늘 아래,5b,4월 4일,F.C.Masker,보통으로
472,,영광스럽도다 참된 평화는,영광스럽도다 참된 평화는,1b,4월 4일,J.Mountain,100
473,411,아 내 맘속에,아 내 맘속에,2#,3월 4일,A.S.Murphy,조금빠르게
474,486,이 세상에 근심된 일이 많고,이 세상에 근심된 일이 많고,1#,6월 4일,G.D.Moore,보통으로
475,414,이 세상은 요란하나,이 세상은 요란하나,1b,4월 4일,J.E.Sweeter,보통으로
476,417,주 예수 넓은 품에,주 예수 넓은 품에,1#,4월 4일,W.H.Doane,조금빠르게
477,404,바다에 놀이 치는 때,바다에 놀이 일 때에,3b,3월 4일,J.B.Dykes,보통으로
478,419,주 날개 밑 내가 편안히 쉬네,주 날개 밑 내가 편히 쉬네,0,6월 4일,I.D.Sankey,보통으로
479,363,내가 깊은 곳에서,내가 깊은 곳에서,0,3월 4일,D.S.Bortniansky,보통으로
480,361,기도하는 이 시간,기도하는 이 시간,3b,3월 4일,W.H.Doane,보통으로
481,362,주여 복을 주시기를,주여 복을 주시기를,4b,6월 8일,W.B.Bradbury,보통으로
482,364,내 기도하는 그 시간,내 기도하는 그 시간,5b,6월 8일,W.B.Bradbury,보통으로
483,539,너 예수께 조용히 나가,너 예수께 조용히 나가,3b,6월 8일,W.J.Kirkparick,보통으로
484,365,마음속에 근심 있는 사람,마음속에 근심 있는 사람,2b,4월 4일,E.S.Lorenz,조금빠르게
485,485,어두운 내 눈 밝히사,어두운 내 눈 밝히사,4b,6월 8일,C.H.Scott,보통으로
486,368,주 예수여 은혜를,주 예수여 은혜를,3b,6월 4일,신증복음가,보통으로
487,369,죄짐 맡은 우리 구주,죄 짐 맡은 우리 구주,1b,4월 4일,C.C.Converse,보통으로
488,488,내 영혼에 햇빛 비치니,내 영혼에 햇빛 비치니,4b,4월 4일,J.R.Sweney,112
489,429,세상 모든 풍파 너를 흔들어,세상 모든 풍파 너를 흔들어,3b,2월 4일,E.O.Excell,조금빠르게
490,433,귀하신 주여 날 붙드사,귀하신 주여 날 붙드사,5b,4월 4일,L.N.Morris,조금느리게
491,434,귀하신 친구 내게 계시니,귀하신 친구 내게 계시니,4b,4월 4일,Arr.A.B.Smith,보통으로
492,435,나의 영원하신 기업,나의 영원하신 기업,1#,3월 4일,S.J.Vail,보통으로
493,436,나 이제 주님의 새 생명 얻은 몸,나 이제 주님의 새 생명 얻은 몸,1b,3월 4일,박태준,보통으로
494,,나 죄 중에 헤매어,나 죄 중에 해매며,2b,6월 8일,C.H.Gabriel,52
495,438,내 영혼이 은총 입어,내 영혼이 은총 입어,4b,3월 4일,J.M.Black,보통으로
496,439,십자가로 가까이,십자가로 가까이,1b,6월 8일,W.H.Doane,조금느리게
497,440,어디든지 예수 나를 이끌면,어디든지 예수 나를 이끌면,0,6월 8일,D.B.Towner,보통으로
498,441,은혜 구한 내게 은혜의 주님,은혜 구한 내게 은혜의 주님,1b,6월 8일,A.B.Simpson,보통으로
499,442,저 장미꽃 위에 이슬,저 장미꽃 위에 이슬,4b,6월 8일,C.A.Miles,보통으로
500,446,주 음성 외에는,주 음성 외에는,4b,3월 4일,R.Lowry,보통으로
501,,주의 십자가 있는 데,주의 십자가 있는 데,0,6월 8일,P.P.Knapp,69
502,445,태산을 넘어 험곡에 가도,태산을 넘어 험곡에 가도,1#,9월 8일,G.H.Cook,보통으로
503,373,고요한 바다로,고요한 바다로,3b,3월 4일,A.Chapin,조금느리게
504,451,예수 영광 버리사,예수 영광 버리사,1b,4월 4일,U.C.Burmap,보통으로
505,452,내 모든 소원 기도의 제목,내 모든 소원 기도의 제목,2#,3월 4일,W.J.Kirkparick,보통으로
506,453,예수 더 알기 원함은,예수 더 알기 원하네,4b,6월 8일,J.R.Sweney,보통으로
507,455,주님의 마음을 본받는 자,주님의 마음을 본받는 자,2b,6월 4일,C.H.Gabriel,보통으로
508,454,주와 같이 되기를,주와 같이 되기를,2#,4월 4일,J.B.Dykes,보통으로
509,456,거친 세상에서 실패하거든,거친 세상에서 실패하거든,1b,4월 4일,B.B.Mckinney,보통으로
510,457,겟세마네 동산의,겟세마네 동산의,2b,3월 4일,T.Hastings,조금느리게
511,314,내 구주 예수를 더욱 사랑,내 구주 예수를 더욱 사랑,4b,4월 4일,W.H.Doane,보통으로
512,315,내 주되신 주를 참 사랑하고,내 주되신 주를 참 사랑하고,1b,4월 4일,A.J.Gordon,보통으로
513,458,너희 마음에 슬픔이 가득 차고,너희 마음에 슬픔이 가득할 때,4b,6월 8일,C.H.Gabriel,보통으로
514,459,누가 주를 따라,누가 주를 따라,2b,4월 4일,C.Reichadt,보통으로
515,460,뜻 없이 무릎 꿇는,뜻 없이 무릎 꿇는,2b,4월 4일,from D.Evans'Hymu,보통으로
516,427,맘 가난한 사람,맘 가난한 사람,4b,3월 4일,l.Mason,보통으로
517,462,생명 진리 은혜 되신,생명 진리 은혜 되신,1#,4월 4일,Traditional Dutch ,조금빠르게
518,463,신자 되기 원합니다,신자 되기 원합니다.,3b,4월 4일,Traditional Spirtual,보통으로
519,461,십자가를 질 수 있나,십자가를 질 수 있나,4b,4월 4일,H.S.Mason,보통으로
520,,주의 귀한 말씀을,주의 귀한 말씀을,1b,3월 4일,Har.R.V.Willams,108
521,586,어느 민족 누구게나,어느 민족 누구게나,4b,4월 2일,T.J.Willams,조금느리게
522,,주님이 가신 섬김의 길은,주님이 가신 섬김의 길은,1#,4월 4일,C.H.Laufer,108
523,465,나 형제를 늘 위해,주 믿는 나 남 위해,1b,4월 4일,J.Y.Peek,보토으
524,222,우리 다시 만날 때까지,우리 다시 만날 때까지,0,4월 4일,W.G.Tomer,보통으로
525,221,주 믿는 형제들,주 믿는 형제들,1b,3월 4일,J.K.G.Nageli,보통으로
526,,주 예수 안에 동서나,주 예수 안에 동서나,3b,4월 4일,A.R.Reinagle,96
527,,큰 은혜로 묶어주신,큰 은혜로 묶어 주신,4,3월 4일,S.B.Pond,108
528,471,주여 나의 병든 몸을,주여 나의 병든 몸을,4b,3월 4일,신증복음가,보통으로
529,,큰 무리 주를 에워싼 중에,큰 무리 주를 에워싼 중에,2#,6월 8일,G.F.Root,63
530,472,네 병든 손 내밀라고,네 병든 손 내밀라고,0,3월 4일,A.B.Simpson,보통으로
531,481,때 저물어 날 이미 어두니,때 저 물어 날 이미 어두니,3b,4월 4일,W.H.Monk,보통으로
532,483,구름 같은 이 세상,구름 같은 이 세상,4b,3월 4일,F.M.Davis,보통으로
533,484,내맘의 주여 소망되소서,내 맘의 주여 소망 되소서,3b, 3/4,Ttaditional Irish,보통으로
534,485,세월이 흘러가는데,세월이 흘러가는데,1#,3월 4일,G.F.Root,조금느리게
535,487,어두움 후에 빛이 오며,어두움 후에 빛이 오며,5b,3월 4일,I.D.Sankey,보통으로
536,,이 곤한 인생이,이 곤한 인생이,3b,3월 4일,A.Chapin,92
537,,엄동설한 지나가면,엄동설한 지나가면,1b,2월 4일,A.F.Harrison,104
538,,예루살렘 금성아,예루살렘 금성아,0,4월 4일,A.Ewing,104
539,488,이 몸의 소망 무엔가,이 몸의 소망 무엔가,1b,3월 4일,W.B.Bradbury,조금빠르게
540,,이 세상 지나가고,이 세상 지나고,1b,4월 4일,Arr. E.F.Rombault,96
541,489,저 요단강 건너편에,저 요단강 건너편에,2b,4월 4일,G.C.Tullar,96
542,490,주여 지난 밤 내 꿈에,주여 지난 밤 내 꿈에,4b,6월 8일,C.H.Gabriel,조금느리게
543,491,저 높은 곳을 향하여,저 높은 곳을 향하여,4b,3월 4일,C.H.Gabriel,보통으로
544,492,잠시 세상에 내가 살면서,잠시 세상에 내가 살면서,4b,4월 4일,C.H.Gabriel,보통으로
545,493,하늘가는 밝은 길이,하늘 가는 밝은 길이,0,4월 4일,Lady J.Scoot,조금느리게
546,,주 성전 안에 계시도다,주 성전 안에 계시도다,0,4월 4일,C.W.Laufer,96
547,630,진리와 생명 되신 주,진리와 생명 되신 주,4b,3월 4일,H.Westwood,보통으로
548,636,주 기도문 영창,하늘에 계신(주기도문),1b,4월 4일,L.T.Downes,보통으로
549,631,우리 기도를,우리 기도를,2#,4월 4일,G.Whelpton,104
550,550,주 너를 지키시고,주 너를 지키시고,0,4월 4일,P.C.Lukin,보통으로
551,,아멘,아멘,1#,4월 4일,Anoymous,
552,641,두번 아멘,아멘,1b,4월 4일,V.D.Thopson,보통으로
553,,두번 아멘,두 번 아멘,0,4월 4일,Dresden,
554,640,두번 아멘,아멘,1#,4월 4일,Greek,보통으로
555,643,세번 아멘,아멘,4b,4월 4일,Danish,보통으로
556,,세번 아멘,세 번 아멘,3b,4월 4일,Anoymous,
557,644,네번 아멘,아멘,1#,4월 4일,J.Stainer,보통으로
558,645,일곱번 아멘,아멘,3#,4월 4일,J.Stainer,보통으로
700,,뚝딱뚝딱 노아 할아버지,,,,,보통으로
701,,영원 전부터 계시는 주님,,,,백승남,보통으로
,7,,성부 성자 성령,2#,2월 4일,J.E.Erickson,보통으로
,11,,홀로 한 분 하나님께,1b,3월 4일,김두완,보통으로
,13,,영원한 하늘나라,2#,4월 4일,김의작,보통으로
,16,,은혜로신 하나님 우리 주 하나님,2#,4월 4일,공석준,보통으로
,17,,사랑의 하나님,3b,3월 4일,박재훈,보통으로
,18,,성도들아 찬양하자,3b,4월 4일,이중화,보통으로
,77,,거룩하신 하나님,4b,4월 4일,김성은,보통으로
,24,,왕 되신 주,1b,4월 4일,W. churchill,보통으로
,30,,전능하고 놀라우신,1b,4월 4일,B.B.Mckinney,보통으로
,38,,예수 우리 왕이여,4b,2월 2일,P.Kyle,보통으로
,41,,내 영혼아 주 찬양하여라,2#,4월 4일,,보통으로
,76,,창조의 주 아버지께,1#,3월 4일,김정일,보통으로
,45,,거룩한 주의 날,4b,6월 8일,나인용,보통으로
,47,,하늘이 푸르고,3b,6월 8일,김규태,조금느리게
,48,,거룩하신 주 하나님,1b,3월 4일,문성모,보통으로
,57,,오늘 주신 말씀에,1#,4월 4일,김정일,조금빠르게
,61,,우리가 기다리던,1#,4월 4일,김두완,보통으로
,62,,고요히 머리 숙여,3b,3월 4일,곽상수,보통으로
,63,,주가 세상을 다스리시니,3#,4월 4일,E. Gebhadt,보통으로
,72,,만왕의 왕 앞에 나오라,3#,4월 4일,K.H.Melody,보통으로
,51,,주님 주신 거룩한 날,3b,6월 8일,김영준,보통으로
,52,,거룩하신 나의 하나님,3b,3월 4일,백효죽,보통으로
,97,,정혼한 처녀에게,2b,4월 4일,R. Edwards,보통으로
,98,,예수님 오소서,4b,3월 4일,이천진,보통으로
,99,,주님 앞에 떨며 서서,1b,2월 2일,French Carol,보통으로
,100,,미리암과 여인들이,1b,3월 4일,황의구,보통으로
,103,,우리 주님 예수께,0,4월 4일,F. G. Gesanbuch,보통으로
,106,,아기 예수 나셨네,1b,2월 4일,French Carol,보통으로
,107,,거룩한 밤 복된 이 밤,2#,4월 4일,Q. Shy,보통으로
,110,,고요하고 거룩한 밤,1#,4월 4일,장수철,조금빠르게
,113,,저 아기 잠들었네,1#,6월 8일,English Ballard,보통으로
,123,,저 들 밖에 한밤중에,2#,3월 4일,W. Sandy,보통으로
,124,,양 지키는 목자여,1b,4월 4일,J. Parry,보통으로
,127,,그 고요하고 쓸쓸한,2b,4월 4일,French Carol,조금느리게
,128,,거룩하신 우리 주님,1#,3월 4일,Polish Carol,보통으로
,129,,마리아는 아기를,1#,2월 2일,P. Cantions,보통으로
,136,,가나의 혼인 잔치,2#,4월 4일,박정화,보통으로
,137,,하나님의 아들이,1b,6월 8일,한정희,보통으로
,142,,시온에 오시는 주,1b,3월 4일,김종덕,보통으로
,152,,귀하신 예수,2b,4월 4일,J.Cruger,보통으로
,153,,가시면류관,1#,6월 8일,나운영,조금느리게
,155,,십자가 지고,4b,3월 4일,이문승,보통으로
,156,,머리에 가시관 붉은 피 흐르는,2b,3월 4일,황철익,보통으로
,157,,겟세마네 동산에서 최후기도,1#,6월 8일,김정양,조금느리게
,158,,서쪽 하늘 붉은 노을,1b,9월 8일,김남수,보통으로
,169,,사망의 권세가,1b,4월 4일,T.Colvin,보통으로
,171,,하나님의 독생자,4b,4월 4일,W.J.Gaither,보통으로
,173,,다 함께 찬송부르자,0,2월 2일,이동일,보통으로
,178,,주 예수 믿는 자여,1#,4월 4일,박정선,보통으로
,181,,부활 승천하신 주께서,4#,4월 4일,나운영,보통으로
,192,,임하소서 임하소서,2#,4월 4일,임우상,보통으로
,193,,성령의 바람 불어오니,3b,6월 8일,이문승,보통으로
,194,,저 하늘 거룩하신 주여,3b,4월 4일,S.D.Pesen,보통으로
,253,,그 자비하신 주님,4b,4월 4일,F.K.Anthes,보통으로
,256,,나의 죄 지신 주님,1b,3월 4일,오소운,보통으로
,422,,거룩하게 하소서,3b,6월 8일,이귀자,보통으로
,271,,나와 같은 죄인 위해,1b,4월 4일,구두회,보통으로
,541,,꽃이 피는 봄날에만,1b,6월 8일,김국진,보통으로
,547,,나 같은 죄인까지도,1#,4월 4일,주성희,보통으로
,548,,날 구속하신,1b,4월 4일,G.Psalter,보통으로
,244,,구원 받은 천국의 성도들,1#,4월 4일,R.V.Williams,보통으로
,247,,보아라 저 하늘에,2b,4월 4일,하재은,보통으로
,248,,언약의 주 하나님,1b,4월 4일,정희치,보통으로
,238,,해지는 저편,3b,4월 4일,B.K.Brock,보통으로
,206,,주님의 귀한 말씀은,1b,4월 4일,임석인,보통으로
,203,,하나님의 말씀은,3b,6월 8일,이천진,보통으로
,599,,우리의 기도 들어주시옵소서,1b,4월 2일,Antiphoner,조금느리게
,553,,새해 아침 환히 밝았네,3b,4월 4일,명정훈,조금빠르게
,583,,이 민족에 복음을,3b,3월 4일,임준희,보통으로
,584,,우리나라 지켜주신,3b,4월 4일,백태현,보통으로
,517,,가난한 자 돌봐주며,1#,6월 8일,김국진,보통으로
,506,,땅끝까지 복음을,2b,4월 4일,김정일,조금빠르게
,513,,헛된 욕망 길을 가며,2#,4월 4일,Gabriel Chi,보통으로
,514,,먼동튼다 일어나라,4b,3월 4일,박영주,보통으로
,476,,꽃이 피고 새가우는,3b,6월 8일,주성희,조금빠르게
,477,,하나님이 창조하신,3b,3월 4일,김승호,보통으로
,224,,정한 물로 우리 죄를,1b,3월 2일,R.A.Nelson,보통으로
,226,,성령으로 세례받아,1#,4월 4일,H.J.Gauntlett,보통으로
,230,,우리의 참된 구주시니,2#,0,B.Plainsong,보통으로
,231,,우리 다 같이 무릎 꿇고서,3b,4월 4일,Arr M.W.Costen,보통으로
,233,,자비로 그 몸 찢기시고,3b,3월 4일,J.S.B.Hodges,보통으로
,601,,하나님이 정하시고,1b,6월 8일,조은옥,보통으로
,603,,태초에 하나님이,3b,6월 8일,김은석,보통으로
,611,,주님 오라 부르시어,1b,3월 4일,정재규,보통으로
,612,,이 땅에서 주를 위해,1b,3월 4일,최종진,보통으로
,613,,사랑의 주 하나님,3b,6월 8일,박영근,보통으로
,614,,얼마나 아프셨나,1b,3월 4일,김성혜,보통으로
,609,,이 세상 살 때에,2b,3월 4일,홍권옥,보통으로
,571,,역사 속에 보냄 받아,1#,3월 4일,이한응,조금느리게
,572,,바다 같이 넓은 은혜,3b,3월 4일,윤학원,보통으로
,573,,말씀에 순종하여,2b,4월 4일,유병용,조금빠르게
,576,,하나님의 뜻을 따라,3b,6월 8일,한태근,보통으로
,577,,낳으시고 길러주신,3b,3월 4일,이관섭,보통으로
,578,,언제나 바라봐도,1b,4월 4일,박재훈,보통으로
,555,,우리 주님 모신 가정,1b,4월 4일,박정선,보통으로
,556,,날마다 주님을 의지하는,1#,6월 8일,문성모,보통으로
,557,,에덴의 동산처럼,3b,6월 8일,임순미,보통으로
,558,,미더워라 우리 가정,3b,3월 4일,곽상수,보통으로
,560,,주의 발자취를 따름이,2#,4월 4일,G.C.Tullar,조금빠르게
,561,,예수님의 사랑은,1b,2월 4일,박재훈,조금느리게
,562,,예루살렘 아이들,2#,2월 2일,Curwen's Tune,보통으로
,568,,하나님은 나의 목자시니,3b,4월 4일,이일래,보통으로
,594,,감사하세 찬양하세,1b,6월 8일,김은석,보통으로
,533,,우리 주 십자가,3b,3월 4일,R.D.Baker,보통으로
,281,,요나처럼 순종 않고,1b,3월 4일,김홍규,보통으로
,318,,순교자의 흘린 피가,1#,3월 4일,하재은,보통으로
,319,,말씀으로 이 세상을,0,6월 8일,박,보통으로
,581,,주 하나님이 나라를 지켜주시고,3b,6월 8일,신영순,보통으로
,596,,영광은 주님 홀로,1b,6월 8일,박정,보통으로
,332,,우리는 부지런한,1b,6월 8일,이영수,보통으로
,334,,위대하신 주를,1b,4월 4일,B.J.Leech,보통으로
,335,,크고 놀라운 평화가,1b,6월 8일,H.Lillenas,보통으로
,306,,죽을 죄인 살려주신,2b,4월 4일,허방자,보통으로
,307,,소리 없이 보슬보슬,3b,9월 8일,나인용,보통으로
,308,,내 평생 살아온길,2#,3월 4일,김성혜,보통으로
,296,,죄인 구원하시려고,3b,3월 4일,김순애,보통으로
,389,,내게로 오라 하신 주님의,1#,4월 4일,김순세,보통으로
,344,,믿음으로 가리라,3b,4월 4일,한상은,조금빠르게
,392,,주여 어린 사슴이,1#,4월 4일,박재훈,보통으로
,448,,주님 가신 길을 따라,1b,3월 4일,한태근,보통으로
,396,,우리 주님 밤새워,1b,3월 4일,이문승,보통으로
,399,,어린 양들아 두려워 말라,5b,3월 4일,P.Rader,보통으로
,431,,주안에 기쁨있네,3#,3월 4일,백태현,보통으로
,402,,나의 반석 나의 방패,3b,6월 8일,권순호,보통으로
,403,,영원하신 주님의,1b,4월 4일,"S.D.Pesen, Moscow",조금느리게
,409,,나의 기쁨은 사랑의 주님께,3b,6월 8일,전낙표,보통으로
,416,,너희 근심 걱정을,3b,6월 8일,김수정,보통으로
,418,,기쁠 때나 슬플 때나,1b,6월 8일,문성모,보통으로
,367,,인내하게 하소서 우리를,1#,5월 4일,I.Kajakov,조금느리게
,437,,하늘 보좌 떠나서,1#,3월 4일,백경환,보통으로
,443,,아침 햇살 비칠 때,3b,4월 4일,황철익,보통으로
,444,,겟세마네 동산에서,3b,6월 8일,박영근,보통으로
,316,,주여 나의 생명,2#,4월 4일,김보훈,보통으로
,464,,믿음의 새 빛을,1b,3월 4일,이보철,보통으로
,466,,죽기까지 사랑하신 주,1#,4월 4일,J.Weber,보통으로
,467,,높으신 주께서 낮아지심은,1#,6월 8일,전희준,보통으로
,468,,큰 사랑의 생명을,1#,6월 8일,정두영,보통으로
,469,,내 주 하나님,1b,4월 4일,이성수,보통으로
,470,,나의 몸이 상하여,3b,6월 8일,정태봉,조금느리게
,223,,하나님은 우리들의,3b,9월 8일,석종환,보통으로
,473,,괴로움과 고통을,1b,6월 8일,김성훈,보통으로
,474,,의원되신 예수님의,2#,6월 8일,최현경,보통으로
,615,,그 큰일을 행하신,4b,3월 4일,W.H.Doane,조금빠르게
,616,,주를 경배하리,1#,4월 4일,D.Gardner,보통으로
,617,,주님을 찬양합니다,1b,4월 4일,백효죽,보통으로
,618,,나 주님을 사랑합니다,3b,4월 4일,L.Klein,보통으로
,619,,놀라운 그 이름,1b,3월 4일,A.Mieir,보통으로
,620,,여기에 모인 우리,1#,4월 4일,D.Besig,조금빠르게
,621,,찬양하라 내 영혼아,3#,4월 4일,Anonymous,보통으로
,622,,거룩한 밤,0,4월 4일,A.Adam,보통으로
,623,,주님의 시간에,2#,4월 4일,D.Ball,보통으로
,624,,우리 모두 찬양해,1#,4월 4일,Cameroonian Melody,조금빠르게
,625,,거룩 거룩 거룩한 하나님,2b,3월 4일,W.F.Smith,보통으로
,626,,만민들아 다 경배하라,3b,3월 4일,이영조,보통으로
,627,,할렐루야 할렐루야 다 함께,4#,4월 4일,이영조,보통으로
,628,,아멘 아멘 아멘 영광과 존귀를,0,4월 4일,김행기,보통으로
,629,,거룩 거룩 거룩,3b,3월 4일,장순일,보통으로
,632,,주여 주여 우리를,1b,3월 4일,이보철,보통으로
,633,,나의 하나님 받으소서,2b,4월 4일,김성훈,보통으로
,635,,하늘에 계신(주기도문),2b,4월 4일,A.H.Malotte,보통으로
,637,,주님 우리의 마음을 여시어,1b,6월 8일,서장원,보통으로
,639,,주 함께 하소서,1#,4월 4일,백경환,보통으로
,642,,아멘,,,,보통으로
,133,,하나님의 말씀으로,3b,0,"Sanctus, 11c",보통으로
